<annotation>
	<folder>Rotated</folder>
	<filename>deskewed-for data extraction 744443 (ATL)_page-0038.jpg</filename>
	<path>C:\Users\den\Desktop\Good tables\Rotated\deskewed-for data extraction 744443 (ATL)_page-0038.jpg</path>
	<source>
		<database>Unknown</database>
	</source>
	<size>
		<width>1035</width>
		<height>768</height>
		<depth>1</depth>
	</size>
	<segmented>0</segmented>
	<object>
		<name>row</name>
		<pose>Unspecified</pose>
		<truncated>1</truncated>
		<difficult>0</difficult>
		<bndbox>
			<xmin>3</xmin>
			<ymin>1</ymin>
			<xmax>1035</xmax>
			<ymax>24</ymax>
		</bndbox>
	</object>
	<object>
		<name>row</name>
		<pose>Unspecified</pose>
		<truncated>1</truncated>
		<difficult>0</difficult>
		<bndbox>
			<xmin>5</xmin>
			<ymin>25</ymin>
			<xmax>1035</xmax>
			<ymax>40</ymax>
		</bndbox>
	</object>
	<object>
		<name>row</name>
		<pose>Unspecified</pose>
		<truncated>1</truncated>
		<difficult>0</difficult>
		<bndbox>
			<xmin>3</xmin>
			<ymin>40</ymin>
			<xmax>1035</xmax>
			<ymax>56</ymax>
		</bndbox>
	</object>
	<object>
		<name>row</name>
		<pose>Unspecified</pose>
		<truncated>1</truncated>
		<difficult>0</difficult>
		<bndbox>
			<xmin>3</xmin>
			<ymin>55</ymin>
			<xmax>1035</xmax>
			<ymax>72</ymax>
		</bndbox>
	</object>
	<object>
		<name>row</name>
		<pose>Unspecified</pose>
		<truncated>0</truncated>
		<difficult>0</difficult>
		<bndbox>
			<xmin>5</xmin>
			<ymin>72</ymin>
			<xmax>1034</xmax>
			<ymax>87</ymax>
		</bndbox>
	</object>
	<object>
		<name>row</name>
		<pose>Unspecified</pose>
		<truncated>1</truncated>
		<difficult>0</difficult>
		<bndbox>
			<xmin>3</xmin>
			<ymin>87</ymin>
			<xmax>1035</xmax>
			<ymax>103</ymax>
		</bndbox>
	</object>
	<object>
		<name>row</name>
		<pose>Unspecified</pose>
		<truncated>1</truncated>
		<difficult>0</difficult>
		<bndbox>
			<xmin>4</xmin>
			<ymin>103</ymin>
			<xmax>1035</xmax>
			<ymax>119</ymax>
		</bndbox>
	</object>
	<object>
		<name>row</name>
		<pose>Unspecified</pose>
		<truncated>1</truncated>
		<difficult>0</difficult>
		<bndbox>
			<xmin>3</xmin>
			<ymin>120</ymin>
			<xmax>1035</xmax>
			<ymax>136</ymax>
		</bndbox>
	</object>
	<object>
		<name>row</name>
		<pose>Unspecified</pose>
		<truncated>1</truncated>
		<difficult>0</difficult>
		<bndbox>
			<xmin>2</xmin>
			<ymin>135</ymin>
			<xmax>1035</xmax>
			<ymax>151</ymax>
		</bndbox>
	</object>
	<object>
		<name>row</name>
		<pose>Unspecified</pose>
		<truncated>1</truncated>
		<difficult>0</difficult>
		<bndbox>
			<xmin>4</xmin>
			<ymin>151</ymin>
			<xmax>1035</xmax>
			<ymax>167</ymax>
		</bndbox>
	</object>
	<object>
		<name>row</name>
		<pose>Unspecified</pose>
		<truncated>1</truncated>
		<difficult>0</difficult>
		<bndbox>
			<xmin>3</xmin>
			<ymin>167</ymin>
			<xmax>1035</xmax>
			<ymax>183</ymax>
		</bndbox>
	</object>
	<object>
		<name>row</name>
		<pose>Unspecified</pose>
		<truncated>1</truncated>
		<difficult>0</difficult>
		<bndbox>
			<xmin>3</xmin>
			<ymin>183</ymin>
			<xmax>1035</xmax>
			<ymax>198</ymax>
		</bndbox>
	</object>
	<object>
		<name>row</name>
		<pose>Unspecified</pose>
		<truncated>1</truncated>
		<difficult>0</difficult>
		<bndbox>
			<xmin>3</xmin>
			<ymin>198</ymin>
			<xmax>1035</xmax>
			<ymax>214</ymax>
		</bndbox>
	</object>
	<object>
		<name>row</name>
		<pose>Unspecified</pose>
		<truncated>1</truncated>
		<difficult>0</difficult>
		<bndbox>
			<xmin>3</xmin>
			<ymin>215</ymin>
			<xmax>1035</xmax>
			<ymax>231</ymax>
		</bndbox>
	</object>
	<object>
		<name>row</name>
		<pose>Unspecified</pose>
		<truncated>1</truncated>
		<difficult>0</difficult>
		<bndbox>
			<xmin>4</xmin>
			<ymin>232</ymin>
			<xmax>1035</xmax>
			<ymax>246</ymax>
		</bndbox>
	</object>
	<object>
		<name>row</name>
		<pose>Unspecified</pose>
		<truncated>1</truncated>
		<difficult>0</difficult>
		<bndbox>
			<xmin>3</xmin>
			<ymin>247</ymin>
			<xmax>1035</xmax>
			<ymax>261</ymax>
		</bndbox>
	</object>
	<object>
		<name>row</name>
		<pose>Unspecified</pose>
		<truncated>1</truncated>
		<difficult>0</difficult>
		<bndbox>
			<xmin>3</xmin>
			<ymin>261</ymin>
			<xmax>1035</xmax>
			<ymax>277</ymax>
		</bndbox>
	</object>
	<object>
		<name>row</name>
		<pose>Unspecified</pose>
		<truncated>1</truncated>
		<difficult>0</difficult>
		<bndbox>
			<xmin>2</xmin>
			<ymin>277</ymin>
			<xmax>1035</xmax>
			<ymax>293</ymax>
		</bndbox>
	</object>
	<object>
		<name>row</name>
		<pose>Unspecified</pose>
		<truncated>1</truncated>
		<difficult>0</difficult>
		<bndbox>
			<xmin>3</xmin>
			<ymin>293</ymin>
			<xmax>1035</xmax>
			<ymax>309</ymax>
		</bndbox>
	</object>
	<object>
		<name>row</name>
		<pose>Unspecified</pose>
		<truncated>1</truncated>
		<difficult>0</difficult>
		<bndbox>
			<xmin>3</xmin>
			<ymin>309</ymin>
			<xmax>1035</xmax>
			<ymax>326</ymax>
		</bndbox>
	</object>
	<object>
		<name>row</name>
		<pose>Unspecified</pose>
		<truncated>1</truncated>
		<difficult>0</difficult>
		<bndbox>
			<xmin>3</xmin>
			<ymin>327</ymin>
			<xmax>1035</xmax>
			<ymax>341</ymax>
		</bndbox>
	</object>
	<object>
		<name>row</name>
		<pose>Unspecified</pose>
		<truncated>1</truncated>
		<difficult>0</difficult>
		<bndbox>
			<xmin>2</xmin>
			<ymin>342</ymin>
			<xmax>1035</xmax>
			<ymax>355</ymax>
		</bndbox>
	</object>
	<object>
		<name>row</name>
		<pose>Unspecified</pose>
		<truncated>1</truncated>
		<difficult>0</difficult>
		<bndbox>
			<xmin>2</xmin>
			<ymin>356</ymin>
			<xmax>1035</xmax>
			<ymax>373</ymax>
		</bndbox>
	</object>
	<object>
		<name>row</name>
		<pose>Unspecified</pose>
		<truncated>1</truncated>
		<difficult>0</difficult>
		<bndbox>
			<xmin>2</xmin>
			<ymin>373</ymin>
			<xmax>1035</xmax>
			<ymax>388</ymax>
		</bndbox>
	</object>
	<object>
		<name>row</name>
		<pose>Unspecified</pose>
		<truncated>1</truncated>
		<difficult>0</difficult>
		<bndbox>
			<xmin>1</xmin>
			<ymin>388</ymin>
			<xmax>1035</xmax>
			<ymax>404</ymax>
		</bndbox>
	</object>
	<object>
		<name>row</name>
		<pose>Unspecified</pose>
		<truncated>1</truncated>
		<difficult>0</difficult>
		<bndbox>
			<xmin>2</xmin>
			<ymin>405</ymin>
			<xmax>1035</xmax>
			<ymax>419</ymax>
		</bndbox>
	</object>
	<object>
		<name>row</name>
		<pose>Unspecified</pose>
		<truncated>1</truncated>
		<difficult>0</difficult>
		<bndbox>
			<xmin>1</xmin>
			<ymin>419</ymin>
			<xmax>1035</xmax>
			<ymax>435</ymax>
		</bndbox>
	</object>
	<object>
		<name>row</name>
		<pose>Unspecified</pose>
		<truncated>1</truncated>
		<difficult>0</difficult>
		<bndbox>
			<xmin>1</xmin>
			<ymin>435</ymin>
			<xmax>1035</xmax>
			<ymax>451</ymax>
		</bndbox>
	</object>
	<object>
		<name>row</name>
		<pose>Unspecified</pose>
		<truncated>1</truncated>
		<difficult>0</difficult>
		<bndbox>
			<xmin>1</xmin>
			<ymin>451</ymin>
			<xmax>1035</xmax>
			<ymax>467</ymax>
		</bndbox>
	</object>
	<object>
		<name>row</name>
		<pose>Unspecified</pose>
		<truncated>1</truncated>
		<difficult>0</difficult>
		<bndbox>
			<xmin>1</xmin>
			<ymin>467</ymin>
			<xmax>1035</xmax>
			<ymax>482</ymax>
		</bndbox>
	</object>
	<object>
		<name>row</name>
		<pose>Unspecified</pose>
		<truncated>1</truncated>
		<difficult>0</difficult>
		<bndbox>
			<xmin>2</xmin>
			<ymin>481</ymin>
			<xmax>1035</xmax>
			<ymax>499</ymax>
		</bndbox>
	</object>
	<object>
		<name>row</name>
		<pose>Unspecified</pose>
		<truncated>1</truncated>
		<difficult>0</difficult>
		<bndbox>
			<xmin>2</xmin>
			<ymin>499</ymin>
			<xmax>1035</xmax>
			<ymax>514</ymax>
		</bndbox>
	</object>
	<object>
		<name>row</name>
		<pose>Unspecified</pose>
		<truncated>1</truncated>
		<difficult>0</difficult>
		<bndbox>
			<xmin>1</xmin>
			<ymin>515</ymin>
			<xmax>1035</xmax>
			<ymax>531</ymax>
		</bndbox>
	</object>
	<object>
		<name>row</name>
		<pose>Unspecified</pose>
		<truncated>1</truncated>
		<difficult>0</difficult>
		<bndbox>
			<xmin>2</xmin>
			<ymin>530</ymin>
			<xmax>1035</xmax>
			<ymax>546</ymax>
		</bndbox>
	</object>
	<object>
		<name>row</name>
		<pose>Unspecified</pose>
		<truncated>1</truncated>
		<difficult>0</difficult>
		<bndbox>
			<xmin>1</xmin>
			<ymin>546</ymin>
			<xmax>1035</xmax>
			<ymax>561</ymax>
		</bndbox>
	</object>
	<object>
		<name>row</name>
		<pose>Unspecified</pose>
		<truncated>1</truncated>
		<difficult>0</difficult>
		<bndbox>
			<xmin>1</xmin>
			<ymin>561</ymin>
			<xmax>1035</xmax>
			<ymax>578</ymax>
		</bndbox>
	</object>
	<object>
		<name>row</name>
		<pose>Unspecified</pose>
		<truncated>1</truncated>
		<difficult>0</difficult>
		<bndbox>
			<xmin>2</xmin>
			<ymin>577</ymin>
			<xmax>1035</xmax>
			<ymax>594</ymax>
		</bndbox>
	</object>
	<object>
		<name>row</name>
		<pose>Unspecified</pose>
		<truncated>1</truncated>
		<difficult>0</difficult>
		<bndbox>
			<xmin>1</xmin>
			<ymin>594</ymin>
			<xmax>1035</xmax>
			<ymax>609</ymax>
		</bndbox>
	</object>
	<object>
		<name>row</name>
		<pose>Unspecified</pose>
		<truncated>1</truncated>
		<difficult>0</difficult>
		<bndbox>
			<xmin>2</xmin>
			<ymin>610</ymin>
			<xmax>1035</xmax>
			<ymax>625</ymax>
		</bndbox>
	</object>
	<object>
		<name>row</name>
		<pose>Unspecified</pose>
		<truncated>1</truncated>
		<difficult>0</difficult>
		<bndbox>
			<xmin>2</xmin>
			<ymin>625</ymin>
			<xmax>1035</xmax>
			<ymax>640</ymax>
		</bndbox>
	</object>
	<object>
		<name>row</name>
		<pose>Unspecified</pose>
		<truncated>1</truncated>
		<difficult>0</difficult>
		<bndbox>
			<xmin>2</xmin>
			<ymin>640</ymin>
			<xmax>1035</xmax>
			<ymax>656</ymax>
		</bndbox>
	</object>
	<object>
		<name>row</name>
		<pose>Unspecified</pose>
		<truncated>1</truncated>
		<difficult>0</difficult>
		<bndbox>
			<xmin>2</xmin>
			<ymin>656</ymin>
			<xmax>1035</xmax>
			<ymax>672</ymax>
		</bndbox>
	</object>
	<object>
		<name>row</name>
		<pose>Unspecified</pose>
		<truncated>1</truncated>
		<difficult>0</difficult>
		<bndbox>
			<xmin>1</xmin>
			<ymin>671</ymin>
			<xmax>1035</xmax>
			<ymax>688</ymax>
		</bndbox>
	</object>
	<object>
		<name>row</name>
		<pose>Unspecified</pose>
		<truncated>1</truncated>
		<difficult>0</difficult>
		<bndbox>
			<xmin>1</xmin>
			<ymin>688</ymin>
			<xmax>1035</xmax>
			<ymax>704</ymax>
		</bndbox>
	</object>
	<object>
		<name>row</name>
		<pose>Unspecified</pose>
		<truncated>1</truncated>
		<difficult>0</difficult>
		<bndbox>
			<xmin>1</xmin>
			<ymin>705</ymin>
			<xmax>1035</xmax>
			<ymax>719</ymax>
		</bndbox>
	</object>
	<object>
		<name>row</name>
		<pose>Unspecified</pose>
		<truncated>1</truncated>
		<difficult>0</difficult>
		<bndbox>
			<xmin>1</xmin>
			<ymin>720</ymin>
			<xmax>1035</xmax>
			<ymax>735</ymax>
		</bndbox>
	</object>
	<object>
		<name>row</name>
		<pose>Unspecified</pose>
		<truncated>1</truncated>
		<difficult>0</difficult>
		<bndbox>
			<xmin>1</xmin>
			<ymin>735</ymin>
			<xmax>1035</xmax>
			<ymax>750</ymax>
		</bndbox>
	</object>
	<object>
		<name>row</name>
		<pose>Unspecified</pose>
		<truncated>1</truncated>
		<difficult>0</difficult>
		<bndbox>
			<xmin>1</xmin>
			<ymin>751</ymin>
			<xmax>1035</xmax>
			<ymax>767</ymax>
		</bndbox>
	</object>
</annotation>
