<annotation>
	<folder>Rotated</folder>
	<filename>deskewed-for data extraction 744443 (ATL)_page-0011.jpg</filename>
	<path>C:\Users\den\Desktop\Good tables\Rotated\deskewed-for data extraction 744443 (ATL)_page-0011.jpg</path>
	<source>
		<database>Unknown</database>
	</source>
	<size>
		<width>1046</width>
		<height>71</height>
		<depth>1</depth>
	</size>
	<segmented>0</segmented>
	<object>
		<name>row</name>
		<pose>Unspecified</pose>
		<truncated>1</truncated>
		<difficult>0</difficult>
		<bndbox>
			<xmin>1</xmin>
			<ymin>1</ymin>
			<xmax>1046</xmax>
			<ymax>27</ymax>
		</bndbox>
	</object>
	<object>
		<name>row</name>
		<pose>Unspecified</pose>
		<truncated>1</truncated>
		<difficult>0</difficult>
		<bndbox>
			<xmin>1</xmin>
			<ymin>27</ymin>
			<xmax>1046</xmax>
			<ymax>48</ymax>
		</bndbox>
	</object>
	<object>
		<name>row</name>
		<pose>Unspecified</pose>
		<truncated>1</truncated>
		<difficult>0</difficult>
		<bndbox>
			<xmin>1</xmin>
			<ymin>48</ymin>
			<xmax>1046</xmax>
			<ymax>71</ymax>
		</bndbox>
	</object>
</annotation>
