<annotation>
	<folder>Rotated</folder>
	<filename>deskewed-for data extraction 744443 (ATL)_page-0079.jpg</filename>
	<path>C:\Users\den\Desktop\Good tables\Rotated\deskewed-for data extraction 744443 (ATL)_page-0079.jpg</path>
	<source>
		<database>Unknown</database>
	</source>
	<size>
		<width>1042</width>
		<height>340</height>
		<depth>1</depth>
	</size>
	<segmented>0</segmented>
	<object>
		<name>row</name>
		<pose>Unspecified</pose>
		<truncated>1</truncated>
		<difficult>0</difficult>
		<bndbox>
			<xmin>1</xmin>
			<ymin>1</ymin>
			<xmax>1042</xmax>
			<ymax>15</ymax>
		</bndbox>
	</object>
	<object>
		<name>row</name>
		<pose>Unspecified</pose>
		<truncated>1</truncated>
		<difficult>0</difficult>
		<bndbox>
			<xmin>1</xmin>
			<ymin>15</ymin>
			<xmax>1042</xmax>
			<ymax>27</ymax>
		</bndbox>
	</object>
	<object>
		<name>row</name>
		<pose>Unspecified</pose>
		<truncated>1</truncated>
		<difficult>0</difficult>
		<bndbox>
			<xmin>1</xmin>
			<ymin>28</ymin>
			<xmax>1042</xmax>
			<ymax>41</ymax>
		</bndbox>
	</object>
	<object>
		<name>row</name>
		<pose>Unspecified</pose>
		<truncated>1</truncated>
		<difficult>0</difficult>
		<bndbox>
			<xmin>1</xmin>
			<ymin>40</ymin>
			<xmax>1042</xmax>
			<ymax>53</ymax>
		</bndbox>
	</object>
	<object>
		<name>row</name>
		<pose>Unspecified</pose>
		<truncated>1</truncated>
		<difficult>0</difficult>
		<bndbox>
			<xmin>1</xmin>
			<ymin>53</ymin>
			<xmax>1041</xmax>
			<ymax>65</ymax>
		</bndbox>
	</object>
	<object>
		<name>row</name>
		<pose>Unspecified</pose>
		<truncated>1</truncated>
		<difficult>0</difficult>
		<bndbox>
			<xmin>1</xmin>
			<ymin>65</ymin>
			<xmax>1042</xmax>
			<ymax>78</ymax>
		</bndbox>
	</object>
	<object>
		<name>row</name>
		<pose>Unspecified</pose>
		<truncated>1</truncated>
		<difficult>0</difficult>
		<bndbox>
			<xmin>1</xmin>
			<ymin>78</ymin>
			<xmax>1041</xmax>
			<ymax>90</ymax>
		</bndbox>
	</object>
	<object>
		<name>row</name>
		<pose>Unspecified</pose>
		<truncated>1</truncated>
		<difficult>0</difficult>
		<bndbox>
			<xmin>1</xmin>
			<ymin>91</ymin>
			<xmax>1042</xmax>
			<ymax>102</ymax>
		</bndbox>
	</object>
	<object>
		<name>row</name>
		<pose>Unspecified</pose>
		<truncated>1</truncated>
		<difficult>0</difficult>
		<bndbox>
			<xmin>1</xmin>
			<ymin>103</ymin>
			<xmax>1042</xmax>
			<ymax>115</ymax>
		</bndbox>
	</object>
	<object>
		<name>row</name>
		<pose>Unspecified</pose>
		<truncated>1</truncated>
		<difficult>0</difficult>
		<bndbox>
			<xmin>1</xmin>
			<ymin>115</ymin>
			<xmax>1042</xmax>
			<ymax>127</ymax>
		</bndbox>
	</object>
	<object>
		<name>row</name>
		<pose>Unspecified</pose>
		<truncated>1</truncated>
		<difficult>0</difficult>
		<bndbox>
			<xmin>1</xmin>
			<ymin>127</ymin>
			<xmax>1042</xmax>
			<ymax>140</ymax>
		</bndbox>
	</object>
	<object>
		<name>row</name>
		<pose>Unspecified</pose>
		<truncated>1</truncated>
		<difficult>0</difficult>
		<bndbox>
			<xmin>1</xmin>
			<ymin>141</ymin>
			<xmax>1042</xmax>
			<ymax>153</ymax>
		</bndbox>
	</object>
	<object>
		<name>row</name>
		<pose>Unspecified</pose>
		<truncated>1</truncated>
		<difficult>0</difficult>
		<bndbox>
			<xmin>1</xmin>
			<ymin>153</ymin>
			<xmax>1042</xmax>
			<ymax>165</ymax>
		</bndbox>
	</object>
	<object>
		<name>row</name>
		<pose>Unspecified</pose>
		<truncated>1</truncated>
		<difficult>0</difficult>
		<bndbox>
			<xmin>1</xmin>
			<ymin>165</ymin>
			<xmax>1042</xmax>
			<ymax>177</ymax>
		</bndbox>
	</object>
	<object>
		<name>row</name>
		<pose>Unspecified</pose>
		<truncated>1</truncated>
		<difficult>0</difficult>
		<bndbox>
			<xmin>1</xmin>
			<ymin>178</ymin>
			<xmax>1042</xmax>
			<ymax>189</ymax>
		</bndbox>
	</object>
	<object>
		<name>row</name>
		<pose>Unspecified</pose>
		<truncated>1</truncated>
		<difficult>0</difficult>
		<bndbox>
			<xmin>1</xmin>
			<ymin>190</ymin>
			<xmax>1042</xmax>
			<ymax>201</ymax>
		</bndbox>
	</object>
	<object>
		<name>row</name>
		<pose>Unspecified</pose>
		<truncated>1</truncated>
		<difficult>0</difficult>
		<bndbox>
			<xmin>1</xmin>
			<ymin>202</ymin>
			<xmax>1042</xmax>
			<ymax>214</ymax>
		</bndbox>
	</object>
	<object>
		<name>row</name>
		<pose>Unspecified</pose>
		<truncated>1</truncated>
		<difficult>0</difficult>
		<bndbox>
			<xmin>1</xmin>
			<ymin>215</ymin>
			<xmax>1042</xmax>
			<ymax>227</ymax>
		</bndbox>
	</object>
	<object>
		<name>row</name>
		<pose>Unspecified</pose>
		<truncated>1</truncated>
		<difficult>0</difficult>
		<bndbox>
			<xmin>1</xmin>
			<ymin>228</ymin>
			<xmax>1042</xmax>
			<ymax>240</ymax>
		</bndbox>
	</object>
	<object>
		<name>row</name>
		<pose>Unspecified</pose>
		<truncated>1</truncated>
		<difficult>0</difficult>
		<bndbox>
			<xmin>1</xmin>
			<ymin>240</ymin>
			<xmax>1042</xmax>
			<ymax>252</ymax>
		</bndbox>
	</object>
	<object>
		<name>row</name>
		<pose>Unspecified</pose>
		<truncated>1</truncated>
		<difficult>0</difficult>
		<bndbox>
			<xmin>1</xmin>
			<ymin>253</ymin>
			<xmax>1042</xmax>
			<ymax>264</ymax>
		</bndbox>
	</object>
	<object>
		<name>row</name>
		<pose>Unspecified</pose>
		<truncated>1</truncated>
		<difficult>0</difficult>
		<bndbox>
			<xmin>1</xmin>
			<ymin>265</ymin>
			<xmax>1042</xmax>
			<ymax>277</ymax>
		</bndbox>
	</object>
	<object>
		<name>row</name>
		<pose>Unspecified</pose>
		<truncated>1</truncated>
		<difficult>0</difficult>
		<bndbox>
			<xmin>1</xmin>
			<ymin>277</ymin>
			<xmax>1042</xmax>
			<ymax>290</ymax>
		</bndbox>
	</object>
	<object>
		<name>row</name>
		<pose>Unspecified</pose>
		<truncated>1</truncated>
		<difficult>0</difficult>
		<bndbox>
			<xmin>1</xmin>
			<ymin>290</ymin>
			<xmax>1041</xmax>
			<ymax>301</ymax>
		</bndbox>
	</object>
	<object>
		<name>row</name>
		<pose>Unspecified</pose>
		<truncated>1</truncated>
		<difficult>0</difficult>
		<bndbox>
			<xmin>1</xmin>
			<ymin>302</ymin>
			<xmax>1042</xmax>
			<ymax>314</ymax>
		</bndbox>
	</object>
	<object>
		<name>row</name>
		<pose>Unspecified</pose>
		<truncated>1</truncated>
		<difficult>0</difficult>
		<bndbox>
			<xmin>1</xmin>
			<ymin>313</ymin>
			<xmax>1042</xmax>
			<ymax>326</ymax>
		</bndbox>
	</object>
	<object>
		<name>row</name>
		<pose>Unspecified</pose>
		<truncated>1</truncated>
		<difficult>0</difficult>
		<bndbox>
			<xmin>1</xmin>
			<ymin>327</ymin>
			<xmax>1042</xmax>
			<ymax>339</ymax>
		</bndbox>
	</object>
</annotation>
