<annotation>
	<folder>Rotated</folder>
	<filename>deskewed-for data extraction 744443 (ATL)_page-0049.jpg</filename>
	<path>C:\Users\den\Desktop\Good tables\Rotated\deskewed-for data extraction 744443 (ATL)_page-0049.jpg</path>
	<source>
		<database>Unknown</database>
	</source>
	<size>
		<width>1048</width>
		<height>679</height>
		<depth>1</depth>
	</size>
	<segmented>0</segmented>
	<object>
		<name>row</name>
		<pose>Unspecified</pose>
		<truncated>1</truncated>
		<difficult>0</difficult>
		<bndbox>
			<xmin>1</xmin>
			<ymin>1</ymin>
			<xmax>1048</xmax>
			<ymax>38</ymax>
		</bndbox>
	</object>
	<object>
		<name>row</name>
		<pose>Unspecified</pose>
		<truncated>1</truncated>
		<difficult>0</difficult>
		<bndbox>
			<xmin>1</xmin>
			<ymin>51</ymin>
			<xmax>1048</xmax>
			<ymax>66</ymax>
		</bndbox>
	</object>
	<object>
		<name>row</name>
		<pose>Unspecified</pose>
		<truncated>1</truncated>
		<difficult>0</difficult>
		<bndbox>
			<xmin>1</xmin>
			<ymin>73</ymin>
			<xmax>1048</xmax>
			<ymax>87</ymax>
		</bndbox>
	</object>
	<object>
		<name>row</name>
		<pose>Unspecified</pose>
		<truncated>1</truncated>
		<difficult>0</difficult>
		<bndbox>
			<xmin>1</xmin>
			<ymin>87</ymin>
			<xmax>1048</xmax>
			<ymax>101</ymax>
		</bndbox>
	</object>
	<object>
		<name>row</name>
		<pose>Unspecified</pose>
		<truncated>1</truncated>
		<difficult>0</difficult>
		<bndbox>
			<xmin>1</xmin>
			<ymin>101</ymin>
			<xmax>1048</xmax>
			<ymax>115</ymax>
		</bndbox>
	</object>
	<object>
		<name>row</name>
		<pose>Unspecified</pose>
		<truncated>1</truncated>
		<difficult>0</difficult>
		<bndbox>
			<xmin>1</xmin>
			<ymin>116</ymin>
			<xmax>1048</xmax>
			<ymax>129</ymax>
		</bndbox>
	</object>
	<object>
		<name>row</name>
		<pose>Unspecified</pose>
		<truncated>1</truncated>
		<difficult>0</difficult>
		<bndbox>
			<xmin>1</xmin>
			<ymin>130</ymin>
			<xmax>1048</xmax>
			<ymax>144</ymax>
		</bndbox>
	</object>
	<object>
		<name>row</name>
		<pose>Unspecified</pose>
		<truncated>1</truncated>
		<difficult>0</difficult>
		<bndbox>
			<xmin>1</xmin>
			<ymin>146</ymin>
			<xmax>1048</xmax>
			<ymax>159</ymax>
		</bndbox>
	</object>
	<object>
		<name>row</name>
		<pose>Unspecified</pose>
		<truncated>1</truncated>
		<difficult>0</difficult>
		<bndbox>
			<xmin>1</xmin>
			<ymin>159</ymin>
			<xmax>1048</xmax>
			<ymax>173</ymax>
		</bndbox>
	</object>
	<object>
		<name>row</name>
		<pose>Unspecified</pose>
		<truncated>1</truncated>
		<difficult>0</difficult>
		<bndbox>
			<xmin>1</xmin>
			<ymin>174</ymin>
			<xmax>1048</xmax>
			<ymax>188</ymax>
		</bndbox>
	</object>
	<object>
		<name>row</name>
		<pose>Unspecified</pose>
		<truncated>1</truncated>
		<difficult>0</difficult>
		<bndbox>
			<xmin>1</xmin>
			<ymin>189</ymin>
			<xmax>1048</xmax>
			<ymax>201</ymax>
		</bndbox>
	</object>
	<object>
		<name>row</name>
		<pose>Unspecified</pose>
		<truncated>1</truncated>
		<difficult>0</difficult>
		<bndbox>
			<xmin>1</xmin>
			<ymin>203</ymin>
			<xmax>1048</xmax>
			<ymax>216</ymax>
		</bndbox>
	</object>
	<object>
		<name>row</name>
		<pose>Unspecified</pose>
		<truncated>1</truncated>
		<difficult>0</difficult>
		<bndbox>
			<xmin>1</xmin>
			<ymin>218</ymin>
			<xmax>1048</xmax>
			<ymax>232</ymax>
		</bndbox>
	</object>
	<object>
		<name>row</name>
		<pose>Unspecified</pose>
		<truncated>1</truncated>
		<difficult>0</difficult>
		<bndbox>
			<xmin>1</xmin>
			<ymin>233</ymin>
			<xmax>1048</xmax>
			<ymax>245</ymax>
		</bndbox>
	</object>
	<object>
		<name>row</name>
		<pose>Unspecified</pose>
		<truncated>1</truncated>
		<difficult>0</difficult>
		<bndbox>
			<xmin>1</xmin>
			<ymin>247</ymin>
			<xmax>1047</xmax>
			<ymax>260</ymax>
		</bndbox>
	</object>
	<object>
		<name>row</name>
		<pose>Unspecified</pose>
		<truncated>1</truncated>
		<difficult>0</difficult>
		<bndbox>
			<xmin>1</xmin>
			<ymin>261</ymin>
			<xmax>1048</xmax>
			<ymax>274</ymax>
		</bndbox>
	</object>
	<object>
		<name>row</name>
		<pose>Unspecified</pose>
		<truncated>1</truncated>
		<difficult>0</difficult>
		<bndbox>
			<xmin>1</xmin>
			<ymin>274</ymin>
			<xmax>1048</xmax>
			<ymax>288</ymax>
		</bndbox>
	</object>
	<object>
		<name>row</name>
		<pose>Unspecified</pose>
		<truncated>1</truncated>
		<difficult>0</difficult>
		<bndbox>
			<xmin>1</xmin>
			<ymin>289</ymin>
			<xmax>1048</xmax>
			<ymax>303</ymax>
		</bndbox>
	</object>
	<object>
		<name>row</name>
		<pose>Unspecified</pose>
		<truncated>1</truncated>
		<difficult>0</difficult>
		<bndbox>
			<xmin>1</xmin>
			<ymin>304</ymin>
			<xmax>1048</xmax>
			<ymax>317</ymax>
		</bndbox>
	</object>
	<object>
		<name>row</name>
		<pose>Unspecified</pose>
		<truncated>1</truncated>
		<difficult>0</difficult>
		<bndbox>
			<xmin>1</xmin>
			<ymin>318</ymin>
			<xmax>1048</xmax>
			<ymax>331</ymax>
		</bndbox>
	</object>
	<object>
		<name>row</name>
		<pose>Unspecified</pose>
		<truncated>1</truncated>
		<difficult>0</difficult>
		<bndbox>
			<xmin>1</xmin>
			<ymin>333</ymin>
			<xmax>1048</xmax>
			<ymax>346</ymax>
		</bndbox>
	</object>
	<object>
		<name>row</name>
		<pose>Unspecified</pose>
		<truncated>1</truncated>
		<difficult>0</difficult>
		<bndbox>
			<xmin>1</xmin>
			<ymin>346</ymin>
			<xmax>1048</xmax>
			<ymax>360</ymax>
		</bndbox>
	</object>
	<object>
		<name>row</name>
		<pose>Unspecified</pose>
		<truncated>1</truncated>
		<difficult>0</difficult>
		<bndbox>
			<xmin>1</xmin>
			<ymin>362</ymin>
			<xmax>1048</xmax>
			<ymax>374</ymax>
		</bndbox>
	</object>
	<object>
		<name>row</name>
		<pose>Unspecified</pose>
		<truncated>1</truncated>
		<difficult>0</difficult>
		<bndbox>
			<xmin>1</xmin>
			<ymin>375</ymin>
			<xmax>1048</xmax>
			<ymax>389</ymax>
		</bndbox>
	</object>
	<object>
		<name>row</name>
		<pose>Unspecified</pose>
		<truncated>1</truncated>
		<difficult>0</difficult>
		<bndbox>
			<xmin>1</xmin>
			<ymin>391</ymin>
			<xmax>1047</xmax>
			<ymax>404</ymax>
		</bndbox>
	</object>
	<object>
		<name>row</name>
		<pose>Unspecified</pose>
		<truncated>1</truncated>
		<difficult>0</difficult>
		<bndbox>
			<xmin>1</xmin>
			<ymin>405</ymin>
			<xmax>1048</xmax>
			<ymax>418</ymax>
		</bndbox>
	</object>
	<object>
		<name>row</name>
		<pose>Unspecified</pose>
		<truncated>1</truncated>
		<difficult>0</difficult>
		<bndbox>
			<xmin>2</xmin>
			<ymin>419</ymin>
			<xmax>1048</xmax>
			<ymax>432</ymax>
		</bndbox>
	</object>
	<object>
		<name>row</name>
		<pose>Unspecified</pose>
		<truncated>1</truncated>
		<difficult>0</difficult>
		<bndbox>
			<xmin>1</xmin>
			<ymin>434</ymin>
			<xmax>1048</xmax>
			<ymax>446</ymax>
		</bndbox>
	</object>
	<object>
		<name>row</name>
		<pose>Unspecified</pose>
		<truncated>1</truncated>
		<difficult>0</difficult>
		<bndbox>
			<xmin>1</xmin>
			<ymin>448</ymin>
			<xmax>1048</xmax>
			<ymax>462</ymax>
		</bndbox>
	</object>
	<object>
		<name>row</name>
		<pose>Unspecified</pose>
		<truncated>1</truncated>
		<difficult>0</difficult>
		<bndbox>
			<xmin>1</xmin>
			<ymin>463</ymin>
			<xmax>1048</xmax>
			<ymax>476</ymax>
		</bndbox>
	</object>
	<object>
		<name>row</name>
		<pose>Unspecified</pose>
		<truncated>1</truncated>
		<difficult>0</difficult>
		<bndbox>
			<xmin>1</xmin>
			<ymin>477</ymin>
			<xmax>1048</xmax>
			<ymax>491</ymax>
		</bndbox>
	</object>
	<object>
		<name>row</name>
		<pose>Unspecified</pose>
		<truncated>1</truncated>
		<difficult>0</difficult>
		<bndbox>
			<xmin>1</xmin>
			<ymin>492</ymin>
			<xmax>1048</xmax>
			<ymax>505</ymax>
		</bndbox>
	</object>
	<object>
		<name>row</name>
		<pose>Unspecified</pose>
		<truncated>1</truncated>
		<difficult>0</difficult>
		<bndbox>
			<xmin>1</xmin>
			<ymin>507</ymin>
			<xmax>1048</xmax>
			<ymax>520</ymax>
		</bndbox>
	</object>
	<object>
		<name>row</name>
		<pose>Unspecified</pose>
		<truncated>1</truncated>
		<difficult>0</difficult>
		<bndbox>
			<xmin>1</xmin>
			<ymin>521</ymin>
			<xmax>1047</xmax>
			<ymax>533</ymax>
		</bndbox>
	</object>
	<object>
		<name>row</name>
		<pose>Unspecified</pose>
		<truncated>1</truncated>
		<difficult>0</difficult>
		<bndbox>
			<xmin>1</xmin>
			<ymin>534</ymin>
			<xmax>1048</xmax>
			<ymax>548</ymax>
		</bndbox>
	</object>
	<object>
		<name>row</name>
		<pose>Unspecified</pose>
		<truncated>1</truncated>
		<difficult>0</difficult>
		<bndbox>
			<xmin>1</xmin>
			<ymin>549</ymin>
			<xmax>1048</xmax>
			<ymax>563</ymax>
		</bndbox>
	</object>
	<object>
		<name>row</name>
		<pose>Unspecified</pose>
		<truncated>1</truncated>
		<difficult>0</difficult>
		<bndbox>
			<xmin>1</xmin>
			<ymin>563</ymin>
			<xmax>1047</xmax>
			<ymax>578</ymax>
		</bndbox>
	</object>
	<object>
		<name>row</name>
		<pose>Unspecified</pose>
		<truncated>1</truncated>
		<difficult>0</difficult>
		<bndbox>
			<xmin>1</xmin>
			<ymin>579</ymin>
			<xmax>1048</xmax>
			<ymax>591</ymax>
		</bndbox>
	</object>
	<object>
		<name>row</name>
		<pose>Unspecified</pose>
		<truncated>1</truncated>
		<difficult>0</difficult>
		<bndbox>
			<xmin>1</xmin>
			<ymin>592</ymin>
			<xmax>1048</xmax>
			<ymax>604</ymax>
		</bndbox>
	</object>
	<object>
		<name>row</name>
		<pose>Unspecified</pose>
		<truncated>1</truncated>
		<difficult>0</difficult>
		<bndbox>
			<xmin>1</xmin>
			<ymin>605</ymin>
			<xmax>1048</xmax>
			<ymax>620</ymax>
		</bndbox>
	</object>
	<object>
		<name>row</name>
		<pose>Unspecified</pose>
		<truncated>1</truncated>
		<difficult>0</difficult>
		<bndbox>
			<xmin>1</xmin>
			<ymin>621</ymin>
			<xmax>1048</xmax>
			<ymax>635</ymax>
		</bndbox>
	</object>
	<object>
		<name>row</name>
		<pose>Unspecified</pose>
		<truncated>1</truncated>
		<difficult>0</difficult>
		<bndbox>
			<xmin>1</xmin>
			<ymin>635</ymin>
			<xmax>1047</xmax>
			<ymax>648</ymax>
		</bndbox>
	</object>
	<object>
		<name>row</name>
		<pose>Unspecified</pose>
		<truncated>1</truncated>
		<difficult>0</difficult>
		<bndbox>
			<xmin>1</xmin>
			<ymin>650</ymin>
			<xmax>1048</xmax>
			<ymax>662</ymax>
		</bndbox>
	</object>
	<object>
		<name>row</name>
		<pose>Unspecified</pose>
		<truncated>1</truncated>
		<difficult>0</difficult>
		<bndbox>
			<xmin>1</xmin>
			<ymin>663</ymin>
			<xmax>1048</xmax>
			<ymax>678</ymax>
		</bndbox>
	</object>
</annotation>
